insert into public.user (id, registration, vk_id)
values  ('fbec3438-2b8f-4d85-8b07-b1398602ef55', '2023-06-21 14:55:55.055678', 348522098),
        ('abec3438-2b8f-4d85-8b07-b1398602ef55', '2023-06-21 15:06:23.052356', 417493133);

insert into public.group (id, creation, name, owner_id)
values  ('2cbd8b1a-22d1-4604-a1e3-d784c3dac386', '2023-06-21 14:58:50.389829', 'HITs Лекторий 9720', 'fbec3438-2b8f-4d85-8b07-b1398602ef55'),
        ('cbebd41c-1717-42c5-913f-7cc079dee0ac', '2023-06-21 14:58:52.817257', 'HITs Лекторий 9721', 'fbec3438-2b8f-4d85-8b07-b1398602ef55'),
        ('5885e938-f461-4799-b439-0f5566aa8b42', '2023-06-21 14:58:55.033723', 'HITs Лекторий 9722', 'fbec3438-2b8f-4d85-8b07-b1398602ef55');

insert into public.member (group_id, user_id, admin, joining)
values  ('2cbd8b1a-22d1-4604-a1e3-d784c3dac386', 'fbec3438-2b8f-4d85-8b07-b1398602ef55', true, '2023-06-21 14:58:50.389829'),
        ('2cbd8b1a-22d1-4604-a1e3-d784c3dac386', 'abec3438-2b8f-4d85-8b07-b1398602ef55', false, '2023-06-21 14:58:50.389829'),
        ('cbebd41c-1717-42c5-913f-7cc079dee0ac', 'fbec3438-2b8f-4d85-8b07-b1398602ef55', true, '2023-06-21 14:58:52.817257'),
        ('cbebd41c-1717-42c5-913f-7cc079dee0ac', 'abec3438-2b8f-4d85-8b07-b1398602ef55', true, '2023-06-21 14:58:52.817257'),
        ('5885e938-f461-4799-b439-0f5566aa8b42', 'fbec3438-2b8f-4d85-8b07-b1398602ef55', false, '2023-06-21 14:58:55.033723'),
        ('5885e938-f461-4799-b439-0f5566aa8b42', 'abec3438-2b8f-4d85-8b07-b1398602ef55', false, '2023-06-21 14:58:55.033723');

insert into public.subject (id, creation, name, group_id)
values  ('53994eaf-6ca4-47b4-a8cd-e90c1e28035e', '2023-06-21 15:00:14.641947', 'Паттерны архитектуры 2', '2cbd8b1a-22d1-4604-a1e3-d784c3dac386'),
        ('22dbeeb4-6f73-4a27-ad6a-2ff924e9ab68', '2023-06-21 15:00:23.417690', 'Методы прикладной математики', '2cbd8b1a-22d1-4604-a1e3-d784c3dac386'),
        ('2cf9901c-806c-4957-b5f6-987de87910a3', '2023-06-21 15:00:32.337210', 'Процессы разработки', '2cbd8b1a-22d1-4604-a1e3-d784c3dac386'),
        ('5c3b80d4-e93b-4729-aab5-3d6cfdd47aa4', '2023-06-21 15:00:59.214306', 'Экономика', '5885e938-f461-4799-b439-0f5566aa8b42'),
        ('cdee405d-074e-4185-adcc-a20f6e1c6d2a', '2023-06-21 15:01:06.749211', 'Алгебра и геометрия', '5885e938-f461-4799-b439-0f5566aa8b42'),
        ('4446c763-5cef-45e0-b20e-5c47039a4c92', '2023-06-21 15:01:16.868781', 'Парадигмы программирования', '5885e938-f461-4799-b439-0f5566aa8b42'),
        ('49873cdb-25b2-450b-81f1-0d78da43a265', '2023-06-21 15:01:35.928124', 'Проектная разработка', 'cbebd41c-1717-42c5-913f-7cc079dee0ac'),
        ('97658e29-462e-46d2-b7a0-972f3627c67c', '2023-06-21 15:01:43.892192', '1С разработка', 'cbebd41c-1717-42c5-913f-7cc079dee0ac'),
        ('4a051088-9802-4f62-a8bb-be473c97d411', '2023-06-21 15:02:07.105947', 'Системный анализ', 'cbebd41c-1717-42c5-913f-7cc079dee0ac'),
        ('7e25d006-6672-4182-a1cc-f4f8850d34de', '2023-06-21 15:02:14.935304', 'Разработка мобильных приложений', 'cbebd41c-1717-42c5-913f-7cc079dee0ac'),
        ('67a604f5-0fd2-49d0-9abf-92af89887f57', '2023-06-21 15:02:20.576821', 'Web-разработка приложений', 'cbebd41c-1717-42c5-913f-7cc079dee0ac'),
        ('ec34fa7a-491d-4cad-ad1a-e25f2ce11519', '2023-06-21 15:02:27.470216', 'Разработка серверных приложений', 'cbebd41c-1717-42c5-913f-7cc079dee0ac'),
        ('aedb1091-ad23-4556-9128-ba0fed7c4c85', '2023-06-21 15:02:39.195698', 'Машинное обучение', 'cbebd41c-1717-42c5-913f-7cc079dee0ac');

insert into public.invitation (id, code, creation, expiration, usage_limit, usages, group_id)
values  ('c521ef20-9916-4acf-ae42-162d650c18f0', 'f4409c2556d44175aa4150b5fe8a79fe', '2023-06-21 15:09:04.674377', null, 1, 0, 'cbebd41c-1717-42c5-913f-7cc079dee0ac'),
        ('9c810aa2-e9ab-4cfe-8087-a1b10ef3fc29', 'e191b7f91b5f4724afa38a5739d299e1', '2023-06-21 15:09:16.691384', '2022-06-21 08:08:49.283000', 0, 0, 'cbebd41c-1717-42c5-913f-7cc079dee0ac'),
        ('428dd65f-d051-4c77-9bb5-a5cbce23f9da', 'fa178a71dafe42208bfbe2b7ffd53ba2', '2023-06-21 15:09:20.475696', null, 0, 0, 'cbebd41c-1717-42c5-913f-7cc079dee0ac'),
        ('b57590a9-981d-4c78-93cd-453d5df91a35', '6e0bd3fdf08f41a48c7e824d0f85df03', '2023-06-21 15:09:36.225300', null, 0, 0, '5885e938-f461-4799-b439-0f5566aa8b42'),
        ('815c065c-4ffb-4ab1-bf04-eb346c2f1203', '86621998938d449a915ee91b31550f81', '2023-06-21 15:09:54.655405', '2024-06-21 08:09:45.436000', 100, 0, 'cbebd41c-1717-42c5-913f-7cc079dee0ac');

insert into public.tag (id, name, group_id)
values  ('c2811eb5-c377-4884-97fb-1f8c818dd0be', 'Онлайн', '2cbd8b1a-22d1-4604-a1e3-d784c3dac386'),
        ('599ea59a-9aec-44bf-8419-fb6f43a16c12', 'Преподаватель', 'cbebd41c-1717-42c5-913f-7cc079dee0ac'),
        ('c6a6ad31-a69c-4a6f-8733-edee598f8acc', 'Тип', 'cbebd41c-1717-42c5-913f-7cc079dee0ac');

insert into public.label (id, value, key_tag_id)
values  ('28cdda61-4df8-4b1f-af30-0e66feedcdb7', 'Да', 'c2811eb5-c377-4884-97fb-1f8c818dd0be'),
        ('11147390-35d2-42ac-b42f-7ef703423eea', 'Нет', 'c2811eb5-c377-4884-97fb-1f8c818dd0be'),
        ('9631d86e-ff82-4668-9f9b-e9c5be7acf41', 'Змеев Денис Олегович', '599ea59a-9aec-44bf-8419-fb6f43a16c12'),
        ('95b89f9a-c738-4ea4-abde-bf512ad2b1a0', 'Феофилов Алексей Дмитриевич', '599ea59a-9aec-44bf-8419-fb6f43a16c12'),
        ('97bbcc24-4163-4739-9e45-9e28d9044315', 'Аникушин Роман Евгеньевич', '599ea59a-9aec-44bf-8419-fb6f43a16c12'),
        ('5f300fe7-d98f-4110-8462-47d3266b492c', 'Лекция', 'c6a6ad31-a69c-4a6f-8733-edee598f8acc'),
        ('f666841c-2967-4163-9857-d8f4301883fe', 'Семинар', 'c6a6ad31-a69c-4a6f-8733-edee598f8acc'),
        ('b28db7ae-a8e6-4584-b3f5-0912f447e96f', 'Практика', 'c6a6ad31-a69c-4a6f-8733-edee598f8acc');

insert into public.video (id, creation, description, player_url, recording, title, vk_id, group_id, subject_id)
values  ('8a6b940c-9d6d-4917-b9e1-85da854a9ebb', '2023-06-21 15:14:07.044378', 'Развертывание', 'https://vk.com/video_ext.php?oid=-221066297&id=456239038&hash=8b7a288cd6cb7ca5&__ref=vk.api&api_hash=16873352847dce800e7bed4bb2c6_GM2DQNJSGIYDSOA', '2023-06-21 08:11:03.304000', 'Лекция по аналитике 1', 456239038, 'cbebd41c-1717-42c5-913f-7cc079dee0ac', '4a051088-9802-4f62-a8bb-be473c97d411'),
        ('fdd46015-a0f1-4926-9f05-92c6fbbf168f', '2023-06-21 15:15:37.780118', 'SQL', 'https://vk.com/video_ext.php?oid=-221066297&id=456239039&hash=1cb87878e86f9493&__ref=vk.api&api_hash=168733543440d1f373eac375358d_GM2DQNJSGIYDSOA', '2023-06-21 08:11:03.304000', 'Бекенд - базы данных', 456239039, 'cbebd41c-1717-42c5-913f-7cc079dee0ac', 'ec34fa7a-491d-4cad-ad1a-e25f2ce11519'),
        ('eee20b72-97af-4a2d-8af9-566058695c7a', '2023-06-21 15:17:50.753427', 'Хыхы', 'https://vk.com/video_ext.php?oid=-221066297&id=456239040&hash=18acefe94cec18ae&__ref=vk.api&api_hash=1687335614d33b006baf8bdaccdc_GM2DQNJSGIYDSOA', '2023-06-21 08:11:03.304000', 'Что-то страшное', 456239040, '2cbd8b1a-22d1-4604-a1e3-d784c3dac386', '53994eaf-6ca4-47b4-a8cd-e90c1e28035e');

insert into public.video_label (video_id, label_id)
values  ('8a6b940c-9d6d-4917-b9e1-85da854a9ebb', 'b28db7ae-a8e6-4584-b3f5-0912f447e96f'),
        ('8a6b940c-9d6d-4917-b9e1-85da854a9ebb', '9631d86e-ff82-4668-9f9b-e9c5be7acf41'),
        ('8a6b940c-9d6d-4917-b9e1-85da854a9ebb', '95b89f9a-c738-4ea4-abde-bf512ad2b1a0'),
        ('fdd46015-a0f1-4926-9f05-92c6fbbf168f', '5f300fe7-d98f-4110-8462-47d3266b492c'),
        ('fdd46015-a0f1-4926-9f05-92c6fbbf168f', '97bbcc24-4163-4739-9e45-9e28d9044315'),
        ('eee20b72-97af-4a2d-8af9-566058695c7a', '28cdda61-4df8-4b1f-af30-0e66feedcdb7');